{
  "run_number": 1,
  "timestamp": "20251002_170207",
  "nested_cv_results": {
    "mean_test_acc": 0.64877633633718,
    "std_test_acc": 0.01029072405268321,
    "mean_test_auc": 0.7069222621592752,
    "std_test_auc": 0.00815450213153812
  },
  "aggregated_params": {
    "reg_lambda": 27.2802951912472,
    "colsample_bytree": 0.9343266422092269,
    "subsample": 0.9500105418769139,
    "gamma": 0.11512580577544566,
    "max_depth": 5,
    "min_child_weight": 8,
    "learning_rate": 0.10750262177990808,
    "reg_alpha": 27.243625793255593
  },
  "final_params": {
    "objective": "binary:logistic",
    "tree_method": "hist",
    "device": "cpu",
    "enable_categorical": true,
    "n_estimators": 26,
    "eval_metric": [
      "logloss",
      "error"
    ],
    "early_stopping_rounds": null,
    "reg_lambda": 27.2802951912472,
    "colsample_bytree": 0.9343266422092269,
    "subsample": 0.9500105418769139,
    "gamma": 0.11512580577544566,
    "max_depth": 5,
    "min_child_weight": 8,
    "learning_rate": 0.10750262177990808,
    "reg_alpha": 27.243625793255593
  },
  "median_n_estimators": 26,
  "best_n_per_fold": [
    26,
    10,
    27,
    110,
    5
  ],
  "training_metrics": {
    "train_acc": 0.6999567193248215,
    "train_auc": 0.7667703835612858
  },
  "training_samples": 9242
}