{
  "run_number": 2,
  "timestamp": "20251002_170851",
  "nested_cv_results": {
    "mean_test_acc": 0.6496417860127973,
    "std_test_acc": 0.013702942944677847,
    "mean_test_auc": 0.7076697201924474,
    "std_test_auc": 0.00996744651678946
  },
  "aggregated_params": {
    "reg_lambda": 28.08909960001138,
    "colsample_bytree": 0.7749780502450042,
    "subsample": 0.7618467358945757,
    "gamma": 0.25071564811402397,
    "max_depth": 4,
    "min_child_weight": 6,
    "learning_rate": 0.14585894906315314,
    "reg_alpha": 27.836990266058205
  },
  "final_params": {
    "objective": "binary:logistic",
    "tree_method": "hist",
    "device": "cpu",
    "enable_categorical": true,
    "n_estimators": 37,
    "eval_metric": [
      "logloss",
      "error"
    ],
    "early_stopping_rounds": null,
    "reg_lambda": 28.08909960001138,
    "colsample_bytree": 0.7749780502450042,
    "subsample": 0.7618467358945757,
    "gamma": 0.25071564811402397,
    "max_depth": 4,
    "min_child_weight": 6,
    "learning_rate": 0.14585894906315314,
    "reg_alpha": 27.836990266058205
  },
  "median_n_estimators": 37,
  "best_n_per_fold": [
    5,
    46,
    65,
    25,
    37
  ],
  "training_metrics": {
    "train_acc": 0.6980090889417875,
    "train_auc": 0.7690183608500302
  },
  "training_samples": 9242
}