{
  "run_number": 3,
  "timestamp": "20251002_171555",
  "nested_cv_results": {
    "mean_test_acc": 0.6488840346601299,
    "std_test_acc": 0.016777973115035122,
    "mean_test_auc": 0.7082592428826194,
    "std_test_auc": 0.011041970573290072
  },
  "aggregated_params": {
    "reg_lambda": 27.821361753115976,
    "colsample_bytree": 0.8767458823945927,
    "subsample": 0.8946749449871017,
    "gamma": 0.5586592522428461,
    "max_depth": 5,
    "min_child_weight": 5,
    "learning_rate": 0.0947950159364896,
    "reg_alpha": 26.041725246477494
  },
  "final_params": {
    "objective": "binary:logistic",
    "tree_method": "hist",
    "device": "cpu",
    "enable_categorical": true,
    "n_estimators": 12,
    "eval_metric": [
      "logloss",
      "error"
    ],
    "early_stopping_rounds": null,
    "reg_lambda": 27.821361753115976,
    "colsample_bytree": 0.8767458823945927,
    "subsample": 0.8946749449871017,
    "gamma": 0.5586592522428461,
    "max_depth": 5,
    "min_child_weight": 5,
    "learning_rate": 0.0947950159364896,
    "reg_alpha": 26.041725246477494
  },
  "median_n_estimators": 12,
  "best_n_per_fold": [
    8,
    62,
    29,
    12,
    9
  ],
  "training_metrics": {
    "train_acc": 0.6824280458775157,
    "train_auc": 0.7466220163577726
  },
  "training_samples": 9242
}