{
  "run_number": 4,
  "timestamp": "20251002_172253",
  "nested_cv_results": {
    "mean_test_acc": 0.6523477649086086,
    "std_test_acc": 0.0152541768584569,
    "mean_test_auc": 0.7100833933528738,
    "std_test_auc": 0.010085027165553512
  },
  "aggregated_params": {
    "reg_lambda": 28.17241563375087,
    "colsample_bytree": 0.775972333635808,
    "subsample": 0.8212151392346253,
    "gamma": 0.07358059579735941,
    "max_depth": 4,
    "min_child_weight": 5,
    "learning_rate": 0.10083037941745966,
    "reg_alpha": 28.110380586478755
  },
  "final_params": {
    "objective": "binary:logistic",
    "tree_method": "hist",
    "device": "cpu",
    "enable_categorical": true,
    "n_estimators": 34,
    "eval_metric": [
      "logloss",
      "error"
    ],
    "early_stopping_rounds": null,
    "reg_lambda": 28.17241563375087,
    "colsample_bytree": 0.775972333635808,
    "subsample": 0.8212151392346253,
    "gamma": 0.07358059579735941,
    "max_depth": 4,
    "min_child_weight": 5,
    "learning_rate": 0.10083037941745966,
    "reg_alpha": 28.110380586478755
  },
  "median_n_estimators": 34,
  "best_n_per_fold": [
    34,
    32,
    72,
    15,
    44
  ],
  "training_metrics": {
    "train_acc": 0.6868643150833152,
    "train_auc": 0.7535356148396426
  },
  "training_samples": 9242
}