{
  "run_number": 5,
  "timestamp": "20251002_172930",
  "nested_cv_results": {
    "mean_test_acc": 0.649318456917159,
    "std_test_acc": 0.013920828779445216,
    "mean_test_auc": 0.7065671869373169,
    "std_test_auc": 0.009580579830760574
  },
  "aggregated_params": {
    "reg_lambda": 27.453847596104616,
    "colsample_bytree": 0.795772762227725,
    "subsample": 0.9046977875279678,
    "gamma": 0.13764766720395835,
    "max_depth": 3,
    "min_child_weight": 5,
    "learning_rate": 0.17908259174947488,
    "reg_alpha": 28.313440812458676
  },
  "final_params": {
    "objective": "binary:logistic",
    "tree_method": "hist",
    "device": "cpu",
    "enable_categorical": true,
    "n_estimators": 13,
    "eval_metric": [
      "logloss",
      "error"
    ],
    "early_stopping_rounds": null,
    "reg_lambda": 27.453847596104616,
    "colsample_bytree": 0.795772762227725,
    "subsample": 0.9046977875279678,
    "gamma": 0.13764766720395835,
    "max_depth": 3,
    "min_child_weight": 5,
    "learning_rate": 0.17908259174947488,
    "reg_alpha": 28.313440812458676
  },
  "median_n_estimators": 13,
  "best_n_per_fold": [
    3,
    4,
    25,
    29,
    13
  ],
  "training_metrics": {
    "train_acc": 0.6691192382601169,
    "train_auc": 0.7325143051716567
  },
  "training_samples": 9242
}